fips,county_name,state_abbr,wind_breakeven_cost_fom,wind_tp_fom,wind_ep_fom
13141,Hancock,GA,124,460.0,0.0
32011,Eureka,NV,544,255.2,0.0
08123,Weld,CO,1742,183.0,165.0
08075,Logan,CO,1039,162.7,162.7
01061,Geneva,AL,173,98.4,0.0
06047,Merced,CA,795,79.8,0.0
34005,Burlington,NJ,1004,67.1,36.3
28083,Leflore,MS,1373,61.5,61.5
48011,Armstrong,TX,2412,56.8,56.8
40047,Garfield,OK,2908,53.6,53.6
21151,Madison,KY,1945,52.6,52.6
53043,Lincoln,WA,1662,52.0,52.0
08063,Kit Carson,CO,2567,49.0,49.0
17075,Iroquois,IL,1945,46.4,46.4
08109,Saguache,CO,64,43.7,0.0
49021,Iron,UT,2187,39.4,39.4
34033,Salem,NJ,1301,39.3,39.3
17053,Ford,IL,2338,37.4,37.4
42117,Tioga,PA,2899,36.5,36.3
17073,Henry,IL,2291,35.2,35.2
28055,Issaquena,MS,771,33.7,0.0
36045,Jefferson,NY,1263,33.3,30.4
42005,Armstrong,PA,1214,33.2,33.2
20021,Cherokee,KS,2399,29.5,29.5
21017,Bourbon,KY,2621,29.2,29.2
29205,Shelby,MO,2148,28.8,28.8
40009,Beckham,OK,2031,28.1,28.1
17091,Kankakee,IL,2073,27.8,27.8
26065,Ingham,MI,2223,27.6,27.6
40015,Caddo,OK,2864,27.6,27.6
17105,Livingston,IL,2567,26.9,26.9
28133,Sunflower,MS,1413,26.6,26.6
31031,Cherry,NE,2755,26.5,26.5
28029,Copiah,MS,592,25.7,0.0
17135,Montgomery,IL,2230,25.3,25.3
51111,Lunenburg,VA,582,24.9,0.0
06071,San Bernardino,CA,1943,24.5,22.1
17021,Christian,IL,1786,24.5,24.5
28119,Quitman,MS,1219,24.4,24.4
17107,Logan,IL,1866,24.3,24.3
39147,Seneca,OH,2309,23.8,23.8
12079,Madison,FL,294,23.2,0.0
29041,Chariton,MO,2125,23.2,23.2
16051,Jefferson,ID,1484,22.5,22.5
42019,Butler,PA,1455,21.9,21.9
46063,Harding,SD,2513,20.9,20.9
17115,Macon,IL,1887,20.5,20.5
01083,Limestone,AL,652,20.2,0.0
22075,Plaquemines,LA,505,20.1,0.0
28051,Holmes,MS,993,19.0,19.0
31101,Keith,NE,1651,18.9,1.5
32003,Clark,NV,1874,18.8,18.3
20157,Republic,KS,2213,18.7,18.7
45089,Williamsburg,SC,1128,18.6,18.6
35057,Torrance,NM,2548,18.6,14.9
48229,Hudspeth,TX,803,18.4,0.0
42055,Franklin,PA,837,18.4,0.0
29147,Nodaway,MO,2724,17.8,17.8
18177,Wayne,IN,2089,17.7,17.7
13071,Colquitt,GA,935,17.2,0.0
17027,Clinton,IL,1696,17.2,17.2
36017,Chenango,NY,1340,17.1,16.7
24041,Talbot,MD,1151,16.8,16.8
17093,Kendall,IL,2128,16.7,16.7
46029,Codington,SD,3269,16.7,16.7
17113,McLean,IL,2493,16.5,16.5
05037,Cross,AR,1862,16.1,16.1
39001,Adams,OH,804,15.9,0.0
39031,Coshocton,OH,1035,15.8,15.6
17079,Jasper,IL,1733,15.7,15.7
27071,Koochiching,MN,2078,15.5,15.5
48165,Gaines,TX,1637,15.1,15.1
42063,Indiana,PA,1015,14.6,14.6
48255,Karnes,TX,1387,14.5,9.4
38025,Dunn,ND,2197,14.4,14.4
28153,Wayne,MS,557,14.1,0.0
06049,Modoc,CA,1084,13.9,8.3
17031,Cook,IL,1790,13.7,13.7
39091,Logan,OH,2886,13.6,13.6
17173,Shelby,IL,2183,13.6,13.6
36075,Oswego,NY,232,13.4,0.0
48371,Pecos,TX,1186,13.3,8.8
42071,Lancaster,PA,611,13.1,0.0
48055,Caldwell,TX,708,13.1,0.0
29145,Newton,MO,3147,13.1,13.1
51047,Culpeper,VA,47,13.1,0.0
12086,Miami-Dade,FL,856,13.0,0.0
48491,Williamson,TX,2091,13.0,13.0
08073,Lincoln,CO,1100,12.8,12.8
27137,St. Louis,MN,2318,12.8,12.8
24013,Carroll,MD,1309,12.8,8.8
55085,Oneida,WI,1746,12.7,12.7
36013,Chautauqua,NY,1520,12.6,12.6
48283,La Salle,TX,1235,12.5,12.5
31001,Adams,NE,2509,12.5,12.5
30011,Carter,MT,2587,12.4,12.4
36037,Genesee,NY,1193,12.4,12.4
31125,Nance,NE,2499,12.1,12.1
36093,Schenectady,NY,1192,11.4,8.7
48475,Ward,TX,784,11.4,0.0
27165,Watonwan,MN,2362,11.2,11.2
20087,Jefferson,KS,3036,11.1,11.1
27027,Clay,MN,2042,10.8,10.8
36065,Oneida,NY,24,10.7,0.0
29101,Johnson,MO,2551,10.7,10.7
08027,Custer,CO,431,10.6,0.0
27005,Becker,MN,2108,10.4,10.4
48109,Culberson,TX,1314,10.3,9.0
29091,Howell,MO,1762,10.3,0.5
19061,Dubuque,IA,2429,10.2,10.2
48051,Burleson,TX,1442,10.2,10.2
29199,Scotland,MO,2127,10.2,10.2
56003,Big Horn,WY,763,10.2,3.2
30041,Hill,MT,2497,10.2,10.2
48093,Comanche,TX,2003,10.1,10.1
29115,Linn,MO,2906,10.0,10.0
38105,Williams,ND,2521,9.9,8.7
17163,St. Clair,IL,1816,9.7,9.7
17175,Stark,IL,2095,9.7,9.7
05023,Cleburne,AR,1355,9.6,9.6
24021,Frederick,MD,1697,9.6,5.8
24015,Cecil,MD,1214,9.5,9.5
20085,Jackson,KS,2657,9.4,9.4
30015,Chouteau,MT,2726,9.4,9.4
48127,Dimmit,TX,1295,9.4,8.6
28109,Pearl River,MS,652,9.3,0.5
30035,Glacier,MT,2610,9.3,9.3
20119,Meade,KS,1889,9.2,6.4
18053,Grant,IN,2318,9.1,9.1
31087,Hitchcock,NE,1921,9.1,9.1
29131,Miller,MO,1783,9.1,9.1
30085,Roosevelt,MT,1808,9.1,8.5
24045,Wicomico,MD,1408,9.0,9.0
39021,Champaign,OH,1799,9.0,9.0
29133,Mississippi,MO,1622,9.0,9.0
42037,Columbia,PA,134,9.0,0.0
48015,Austin,TX,636,8.9,0.0
31057,Dundy,NE,1750,8.9,8.9
35013,Do√±a Ana,NM,1211,8.9,8.4
48149,Fayette,TX,1400,8.8,8.8
31085,Hayes,NE,1749,8.8,8.8
31117,McPherson,NE,2114,8.8,8.8
32001,Churchill,NV,242,8.8,0.0
48301,Loving,TX,372,8.7,0.0
20099,Labette,KS,2515,8.7,8.7
39175,Wyandot,OH,2089,8.6,8.6
46091,Marshall,SD,2677,8.5,8.5
48471,Walker,TX,609,8.5,0.0
20029,Cloud,KS,1622,8.5,8.5
31011,Boone,NE,2618,8.5,8.5
31107,Knox,NE,3021,8.4,8.4
55043,Grant,WI,1781,8.4,8.4
06065,Riverside,CA,1512,8.4,1.1
53071,Walla Walla,WA,999,8.4,8.4
30105,Valley,MT,2902,8.4,8.4
30087,Rosebud,MT,1958,8.4,8.4
29195,Saline,MO,2309,8.3,8.3
46123,Tripp,SD,2457,8.3,8.3
30075,Powder River,MT,1965,8.3,8.3
21179,Nelson,KY,1982,8.2,8.2
28053,Humphreys,MS,1285,8.2,8.2
27095,Mille Lacs,MN,1881,8.1,8.1
30027,Fergus,MT,2490,7.9,7.9
48287,Lee,TX,1449,7.9,7.9
39007,Ashtabula,OH,1819,7.9,7.9
40087,McClain,OK,2663,7.8,7.8
53025,Grant,WA,1010,7.6,1.8
40145,Wagoner,OK,2160,7.6,7.6
31039,Cuming,NE,3049,7.6,7.6
19093,Ida,IA,2247,7.5,7.5
40045,Ellis,OK,2800,7.5,7.5
05059,Hot Spring,AR,1378,7.4,7.3
30111,Yellowstone,MT,1633,7.4,3.6
31147,Richardson,NE,2445,7.4,7.4
27169,Winona,MN,2261,7.4,7.4
38085,Sioux,ND,2987,7.4,7.4
48133,Eastland,TX,2939,7.3,7.3
48461,Upton,TX,1352,7.3,5.7
48319,Mason,TX,1125,7.3,7.3
46067,Hutchinson,SD,2884,7.3,7.3
46071,Jackson,SD,1480,7.3,2.0
45051,Horry,SC,961,7.3,0.0
39159,Union,OH,1797,7.3,7.3
39163,Vinton,OH,586,7.2,0.0
48193,Hamilton,TX,2279,7.2,7.2
42015,Bradford,PA,1898,7.2,7.2
48345,Motley,TX,1676,7.1,7.1
17159,Richland,IL,1644,7.1,7.1
48457,Tyler,TX,411,7.1,0.0
24025,Harford,MD,1219,7.1,7.1
42073,Lawrence,PA,939,7.0,0.0
04001,Apache,AZ,1830,7.0,6.6
42051,Fayette,PA,434,7.0,0.0
36109,Tompkins,NY,830,7.0,0.0
31027,Cedar,NE,2966,7.0,7.0
17051,Fayette,IL,1866,7.0,7.0
08093,Park,CO,2649,6.9,6.9
39089,Licking,OH,1679,6.9,6.9
31019,Buffalo,NE,2592,6.8,6.8
31139,Pierce,NE,3039,6.8,6.8
31167,Stanton,NE,2956,6.8,6.8
31165,Sioux,NE,1071,6.8,6.8
17033,Crawford,IL,1918,6.8,6.8
20185,Stafford,KS,2471,6.8,6.8
30059,Meagher,MT,1814,6.8,6.8
30071,Phillips,MT,2054,6.7,6.7
28115,Pontotoc,MS,1324,6.7,6.7
40075,Kiowa,OK,1752,6.7,6.7
17083,Jersey,IL,1655,6.7,6.7
24019,Dorchester,MD,1459,6.7,6.7
20203,Wichita,KS,2136,6.6,6.6
20095,Kingman,KS,2816,6.6,6.6
20027,Clay,KS,1880,6.6,6.6
20009,Barton,KS,2177,6.5,6.5
27021,Cass,MN,1972,6.5,6.5
39103,Medina,OH,2209,6.5,6.5
12101,Pasco,FL,864,6.4,0.5
29017,Bollinger,MO,1161,6.4,6.4
17055,Franklin,IL,1768,6.4,6.4
54037,Jefferson,WV,938,6.4,0.0
20115,Marion,KS,2636,6.4,6.4
39141,Ross,OH,839,6.4,0.0
20141,Osborne,KS,1852,6.4,6.4
31161,Sheridan,NE,3087,6.3,6.3
20047,Edwards,KS,2362,6.2,6.2
20033,Comanche,KS,1791,6.2,6.2
31069,Garden,NE,2239,6.2,6.2
19003,Adams,IA,2260,6.2,6.2
38101,Ward,ND,2337,6.1,6.1
39055,Geauga,OH,1970,6.0,6.0
06021,Glenn,CA,1537,6.0,6.0
39115,Morgan,OH,1068,6.0,6.0
44007,Providence,RI,713,6.0,0.0
31077,Greeley,NE,2432,6.0,6.0
48331,Milam,TX,1709,6.0,6.0
31093,Howard,NE,2417,6.0,6.0
19007,Appanoose,IA,2570,5.9,5.9
39019,Carroll,OH,1504,5.9,5.9
30107,Wheatland,MT,2094,5.9,5.9
18055,Greene,IN,1580,5.9,5.9
17193,White,IL,1592,5.9,5.9
19047,Crawford,IA,2960,5.8,5.8
48183,Gregg,TX,1373,5.8,5.8
41005,Clackamas,OR,446,5.7,0.0
49003,Box Elder,UT,1383,5.7,4.5
22007,Assumption,LA,690,5.7,0.0
29045,Clark,MO,2273,5.7,5.7
27077,Lake of the Woods,MN,1846,5.7,5.7
30057,Madison,MT,1334,5.7,3.1
42099,Perry,PA,127,5.7,0.0
48115,Dawson,TX,1419,5.7,5.7
55097,Portage,WI,1864,5.6,5.6
19095,Iowa,IA,2012,5.6,5.6
20207,Woodson,KS,2497,5.6,5.6
48263,Kent,TX,1416,5.5,5.5
36011,Cayuga,NY,1040,5.5,0.1
20165,Rush,KS,2112,5.5,5.5
19041,Clay,IA,2540,5.5,5.5
48039,Brazoria,TX,927,5.5,0.0
21001,Adair,KY,823,5.5,0.0
26141,Presque Isle,MI,3260,5.5,5.5
29121,Macon,MO,1967,5.4,5.4
19107,Keokuk,IA,2047,5.4,5.4
19051,Davis,IA,2177,5.3,5.3
56027,Niobrara,WY,2191,5.3,5.3
46011,Brookings,SD,2185,5.3,5.3
12065,Jefferson,FL,286,5.3,0.0
48247,Jim Hogg,TX,1927,5.2,5.2
46005,Beadle,SD,1919,5.2,5.2
33011,Hillsborough,NH,145,5.2,0.0
31015,Boyd,NE,1787,5.2,5.2
31181,Webster,NE,2471,5.1,5.1
48141,El Paso,TX,567,5.1,0.0
38089,Stark,ND,1893,5.0,5.0
18183,Whitley,IN,1970,5.0,5.0
27129,Renville,MN,2456,5.0,5.0
13115,Floyd,GA,361,5.0,0.0
06067,Sacramento,CA,370,5.0,0.0
48401,Rusk,TX,1089,5.0,0.3
30055,McCone,MT,3097,4.9,4.9
05015,Carroll,AR,1374,4.9,2.6
38007,Billings,ND,2797,4.9,4.9
06025,Imperial,CA,624,4.8,0.0
27061,Itasca,MN,2117,4.8,4.8
48161,Freestone,TX,1577,4.8,4.8
08125,Yuma,CO,2352,4.8,4.8
48099,Coryell,TX,1817,4.8,4.8
36069,Ontario,NY,1438,4.8,4.8
04021,Pinal,AZ,319,4.7,0.0
19163,Scott,IA,1899,4.7,4.7
24005,Baltimore,MD,1354,4.7,4.7
18005,Bartholomew,IN,874,4.6,0.0
46105,Perkins,SD,3035,4.6,4.6
19187,Webster,IA,2584,4.6,4.6
37165,Scotland,NC,1086,4.6,4.6
38037,Grant,ND,2673,4.6,4.6
18157,Tippecanoe,IN,1971,4.5,4.5
40125,Pottawatomie,OK,2696,4.5,4.5
48103,Crane,TX,1122,4.5,4.5
48451,Tom Green,TX,1490,4.5,4.5
31099,Kearney,NE,2427,4.5,4.5
48111,Dallam,TX,1839,4.5,4.5
48105,Crockett,TX,2069,4.4,4.4
48269,King,TX,1344,4.4,4.4
31047,Dawson,NE,2160,4.4,4.4
48421,Sherman,TX,2274,4.3,4.3
48465,Val Verde,TX,1190,4.3,1.2
16011,Bingham,ID,1678,4.3,4.3
19157,Poweshiek,IA,2447,4.3,4.3
18049,Fulton,IN,1999,4.3,4.3
38041,Hettinger,ND,2263,4.3,4.3
48337,Montague,TX,2492,4.2,4.2
36035,Fulton,NY,150,4.2,0.0
38093,Stutsman,ND,2267,4.2,4.2
37051,Cumberland,NC,823,4.2,0.0
30073,Pondera,MT,2404,4.1,4.1
18151,Steuben,IN,2230,4.1,4.1
29141,Morgan,MO,2188,4.1,4.1
19165,Shelby,IA,2590,4.1,4.1
18141,St. Joseph,IN,2054,4.1,4.1
16087,Washington,ID,146,4.1,0.0
48311,McMullen,TX,1754,4.1,4.1
46077,Kingsbury,SD,2237,4.1,4.1
38029,Emmons,ND,2452,4.1,4.1
46061,Hanson,SD,2155,4.0,4.0
40121,Pittsburg,OK,2340,4.0,4.0
30065,Musselshell,MT,2140,4.0,4.0
48351,Newton,TX,289,3.9,0.0
04019,Pima,AZ,616,3.9,0.0
48225,Houston,TX,1282,3.9,0.7
41055,Sherman,OR,2332,3.9,3.9
27167,Wilkin,MN,2443,3.9,3.9
08035,Douglas,CO,1540,3.8,3.4
05113,Polk,AR,364,3.8,0.0
41017,Deschutes,OR,6,3.8,0.0
38049,McHenry,ND,1730,3.8,3.8
30003,Big Horn,MT,1034,3.7,2.2
48425,Somervell,TX,2681,3.7,3.7
29117,Livingston,MO,1991,3.6,3.6
36043,Herkimer,NY,1478,3.6,3.6
17187,Warren,IL,2589,3.6,3.6
31143,Polk,NE,2486,3.6,3.6
46069,Hyde,SD,2244,3.6,3.6
35039,Rio Arriba,NM,588,3.6,0.0
01101,Montgomery,AL,71,3.6,0.0
55075,Marinette,WI,1613,3.5,2.9
20173,Sedgwick,KS,2735,3.5,3.5
06093,Siskiyou,CA,1466,3.5,3.5
27007,Beltrami,MN,2087,3.5,3.5
20189,Stevens,KS,2028,3.5,3.5
39169,Wayne,OH,1942,3.5,0.6
19185,Wayne,IA,2364,3.5,3.5
19021,Buena Vista,IA,2351,3.5,3.5
31051,Dixon,NE,2735,3.5,3.5
30005,Blaine,MT,2796,3.5,3.5
16033,Clark,ID,807,3.4,0.0
45013,Beaufort,SC,707,3.4,0.0
20107,Linn,KS,2493,3.4,3.4
18175,Washington,IN,1903,3.4,3.4
17089,Kane,IL,2085,3.4,3.4
31155,Saunders,NE,2528,3.4,3.4
36033,Franklin,NY,756,3.4,0.0
46021,Campbell,SD,1972,3.4,3.4
48075,Childress,TX,1735,3.4,3.4
48313,Madison,TX,1020,3.3,3.1
54003,Berkeley,WV,658,3.3,0.0
29207,Stoddard,MO,1450,3.3,3.3
40071,Kay,OK,2630,3.3,3.3
48265,Kerr,TX,2614,3.3,3.3
19045,Clinton,IA,1911,3.3,3.3
20159,Rice,KS,2734,3.3,3.3
30097,Sweet Grass,MT,1694,3.3,3.3
05145,White,AR,1158,3.2,0.9
31151,Saline,NE,2501,3.2,3.2
27113,Pennington,MN,2156,3.2,3.2
19117,Lucas,IA,2499,3.2,3.2
40153,Woodward,OK,3069,3.2,3.2
40043,Dewey,OK,3559,3.1,3.1
36089,St. Lawrence,NY,733,3.1,0.0
27151,Swift,MN,2318,3.1,3.1
40029,Coal,OK,1812,3.1,3.1
31063,Frontier,NE,1910,3.1,3.1
30099,Teton,MT,1912,3.1,3.1
19161,Sac,IA,1816,3.1,3.1
47097,Lauderdale,TN,2028,3.1,3.1
19175,Union,IA,2450,3.1,3.1
29103,Knox,MO,2572,3.1,3.1
48387,Red River,TX,1412,3.0,3.0
27131,Rice,MN,2883,3.0,3.0
48027,Bell,TX,2157,3.0,2.8
48143,Erath,TX,2713,3.0,3.0
19135,Monroe,IA,2511,3.0,3.0
22001,Acadia,LA,622,3.0,0.0
29049,Clinton,MO,2883,3.0,3.0
18011,Boone,IN,2335,3.0,3.0
29063,DeKalb,MO,2371,3.0,3.0
01013,Butler,AL,812,2.9,0.0
40149,Washita,OK,2956,2.9,2.9
19147,Palo Alto,IA,2373,2.9,2.9
19183,Washington,IA,2237,2.9,2.9
46023,Charles Mix,SD,2566,2.9,2.9
20117,Marshall,KS,2379,2.9,2.9
29229,Wright,MO,1531,2.9,2.9
46093,Meade,SD,1980,2.9,2.9
18181,White,IN,2194,2.9,2.9
36021,Columbia,NY,1120,2.9,2.9
45063,Lexington,SC,1567,2.8,2.8
29021,Buchanan,MO,3153,2.8,2.8
31127,Nemaha,NE,2272,2.8,2.8
45061,Lee,SC,685,2.8,0.0
36031,Essex,NY,799,2.8,0.0
27153,Todd,MN,2322,2.8,2.8
06031,Kings,CA,681,2.8,0.0
19191,Winneshiek,IA,2421,2.8,2.8
48423,Smith,TX,1368,2.8,0.3
40007,Beaver,OK,2463,2.8,2.8
31149,Rock,NE,2763,2.7,2.7
17099,LaSalle,IL,2151,2.7,2.7
46043,Douglas,SD,2709,2.7,2.7
38011,Bowman,ND,2449,2.7,2.7
20145,Pawnee,KS,2336,2.7,2.7
20053,Ellsworth,KS,2537,2.7,2.7
27043,Faribault,MN,2672,2.7,2.7
55025,Dane,WI,2113,2.7,2.7
29161,Phelps,MO,2035,2.7,2.7
45075,Orangeburg,SC,1157,2.7,2.7
48479,Webb,TX,1503,2.7,2.6
36029,Erie,NY,2197,2.7,2.7
20067,Grant,KS,1466,2.7,2.7
46135,Yankton,SD,2347,2.6,2.6
29097,Jasper,MO,3113,2.6,2.6
19103,Johnson,IA,1945,2.6,2.6
46053,Gregory,SD,3188,2.6,2.6
39053,Gallia,OH,480,2.6,0.0
48295,Lipscomb,TX,2541,2.6,2.6
27015,Brown,MN,1960,2.6,2.6
48411,San Saba,TX,2668,2.5,2.5
46111,Sanborn,SD,1960,2.5,2.5
20129,Morton,KS,2055,2.5,2.5
27057,Hubbard,MN,2199,2.5,2.5
38019,Cavalier,ND,3147,2.5,2.5
29027,Callaway,MO,1946,2.5,2.5
29137,Monroe,MO,2060,2.5,2.5
27063,Jackson,MN,2641,2.5,2.5
41003,Benton,OR,612,2.5,0.0
39039,Defiance,OH,2188,2.5,2.5
40027,Cleveland,OK,2593,2.5,2.5
48203,Harrison,TX,1188,2.5,2.5
20041,Dickinson,KS,2383,2.5,2.5
20131,Nemaha,KS,2515,2.5,2.5
17111,McHenry,IL,2391,2.5,2.5
38015,Burleigh,ND,1842,2.5,2.5
40147,Washington,OK,2724,2.5,2.5
36019,Clinton,NY,1408,2.5,2.5
01037,Coosa,AL,354,2.5,0.0
48155,Foard,TX,1188,2.4,2.4
18131,Pulaski,IN,1943,2.4,2.4
05063,Independence,AR,1498,2.4,2.4
27107,Norman,MN,2151,2.4,2.4
29143,New Madrid,MO,1822,2.4,2.4
06007,Butte,CA,775,2.4,0.0
37057,Davidson,NC,379,2.4,0.0
48293,Limestone,TX,1834,2.4,2.4
29159,Pettis,MO,2266,2.4,2.4
46037,Day,SD,2762,2.4,2.4
40081,Lincoln,OK,2594,2.4,2.4
38045,LaMoure,ND,2344,2.4,2.4
46047,Fall River,SD,2042,2.4,2.4
48081,Coke,TX,1280,2.3,1.1
28069,Kemper,MS,185,2.3,0.0
27067,Kandiyohi,MN,2891,2.3,2.3
29019,Boone,MO,2114,2.3,2.3
17189,Washington,IL,2004,2.3,2.3
05139,Union,AR,743,2.3,0.0
36053,Madison,NY,355,2.3,0.0
27025,Chisago,MN,1908,2.3,2.3
36063,Niagara,NY,1424,2.3,2.3
27161,Waseca,MN,2374,2.3,2.3
29087,Holt,MO,2096,2.3,2.3
47175,Van Buren,TN,1384,2.3,1.8
25001,Barnstable,MA,2301,2.3,2.3
29111,Lewis,MO,1874,2.3,2.3
48359,Oldham,TX,2483,2.3,2.3
55027,Dodge,WI,2318,2.3,2.3
27055,Houston,MN,1898,2.3,2.3
05109,Pike,AR,593,2.3,0.0
48483,Wheeler,TX,1819,2.3,1.1
37019,Brunswick,NC,1965,2.3,2.3
38053,McKenzie,ND,2788,2.3,2.3
48235,Irion,TX,1715,2.3,2.3
29047,Clay,MO,2449,2.3,2.3
18127,Porter,IN,2014,2.3,2.3
19195,Worth,IA,2138,2.3,2.3
48217,Hill,TX,2220,2.2,2.2
37147,Pitt,NC,1806,2.2,2.2
31089,Holt,NE,2921,2.2,2.2
48447,Throckmorton,TX,2523,2.2,2.2
21181,Nicholas,KY,1678,2.2,2.2
39161,Van Wert,OH,2160,2.2,2.2
26039,Crawford,MI,2438,2.2,2.2
48101,Cottle,TX,1264,2.2,1.1
31111,Lincoln,NE,1104,2.2,2.2
51093,Isle of Wight,VA,1308,2.2,2.2
31013,Box Butte,NE,1841,2.2,2.2
38069,Pierce,ND,1964,2.2,2.2
39171,Williams,OH,1937,2.2,2.2
27097,Morrison,MN,1777,2.2,2.2
38091,Steele,ND,2190,2.2,2.2
40139,Texas,OK,1748,2.2,2.2
30109,Wibaux,MT,2557,2.2,2.2
31145,Red Willow,NE,1745,2.2,2.2
48487,Wilbarger,TX,1371,2.2,2.2
04017,Navajo,AZ,1249,2.2,0.2
38021,Dickey,ND,1740,2.1,2.1
19193,Woodbury,IA,2572,2.1,2.1
31131,Otoe,NE,2459,2.1,2.1
27069,Kittson,MN,2055,2.1,2.1
48503,Young,TX,2644,2.1,2.1
48117,Deaf Smith,TX,1822,2.1,2.1
31171,Thomas,NE,2160,2.1,2.1
40077,Latimer,OK,1936,2.1,1.5
40039,Custer,OK,3139,2.1,2.1
38009,Bottineau,ND,1922,2.1,2.1
06077,San Joaquin,CA,835,2.1,0.0
27089,Marshall,MN,2150,2.1,2.1
40051,Grady,OK,2074,2.1,2.1
53039,Klickitat,WA,1622,2.1,2.1
48489,Willacy,TX,2387,2.1,2.1
27159,Wadena,MN,2109,2.1,2.1
48237,Jack,TX,2701,2.0,2.0
53017,Douglas,WA,1208,2.0,2.0
37171,Surry,NC,162,2.0,0.0
17067,Hancock,IL,2001,2.0,2.0
40097,Mayes,OK,2156,2.0,2.0
51001,Accomack,VA,2542,2.0,2.0
18113,Noble,IN,2384,2.0,2.0
05041,Desha,AR,1316,2.0,2.0
18075,Jay,IN,2272,2.0,2.0
48153,Floyd,TX,2475,2.0,2.0
51149,Prince George,VA,1106,2.0,1.4
48291,Liberty,TX,772,2.0,0.2
01131,Wilcox,AL,173,2.0,0.0
27081,Lincoln,MN,2616,2.0,2.0
19011,Benton,IA,2155,2.0,2.0
18039,Elkhart,IN,1963,2.0,2.0
18051,Gibson,IN,1795,2.0,2.0
31157,Scotts Bluff,NE,1030,1.9,1.3
38057,Mercer,ND,1989,1.9,1.3
19177,Van Buren,IA,2065,1.9,1.9
18173,Warrick,IN,1567,1.9,1.9
55087,Outagamie,WI,2166,1.9,1.9
18137,Ripley,IN,843,1.9,0.0
40053,Grant,OK,2438,1.9,1.9
54077,Preston,WV,864,1.9,0.0
18095,Madison,IN,2221,1.9,1.9
38097,Traill,ND,2069,1.9,1.9
18111,Newton,IN,2073,1.9,1.9
20155,Reno,KS,2530,1.9,1.9
18091,LaPorte,IN,1714,1.9,1.9
27035,Crow Wing,MN,1642,1.9,1.9
29149,Oregon,MO,1249,1.9,0.6
13091,Dodge,GA,216,1.8,0.0
48501,Yoakum,TX,1853,1.8,1.8
05017,Chicot,AR,1314,1.8,1.8
48251,Johnson,TX,2454,1.8,1.8
08023,Costilla,CO,1025,1.8,1.8
18121,Parke,IN,1748,1.8,1.8
20031,Coffey,KS,2472,1.8,1.8
37143,Perquimans,NC,2209,1.8,1.8
46083,Lincoln,SD,2323,1.8,1.8
41037,Lake,OR,502,1.8,0.0
30045,Judith Basin,MT,2650,1.8,1.8
55019,Clark,WI,1935,1.8,1.8
40091,McIntosh,OK,2363,1.8,1.8
27111,Otter Tail,MN,2549,1.8,1.8
35049,Santa Fe,NM,1014,1.8,0.9
32031,Washoe,NV,1583,1.8,1.4
08021,Conejos,CO,459,1.8,0.0
18025,Crawford,IN,615,1.8,0.0
30051,Liberty,MT,2357,1.8,1.8
17197,Will,IL,2198,1.8,1.8
39045,Fairfield,OH,1347,1.7,1.2
20005,Atchison,KS,2618,1.7,1.7
17039,De Witt,IL,2148,1.7,1.7
48171,Gillespie,TX,3364,1.7,1.7
06103,Tehama,CA,1209,1.7,1.7
05087,Madison,AR,2142,1.7,1.7
17059,Gallatin,IL,1707,1.7,1.7
37061,Duplin,NC,1447,1.7,1.7
12037,Franklin,FL,1287,1.7,1.7
12071,Lee,FL,359,1.7,0.0
48207,Haskell,TX,1337,1.7,1.7
19181,Warren,IA,1875,1.7,1.7
46099,Minnehaha,SD,2242,1.7,1.7
48281,Lampasas,TX,1674,1.7,1.7
27011,Big Stone,MN,2078,1.7,1.7
20147,Phillips,KS,1291,1.7,1.7
48097,Cooke,TX,2301,1.7,1.7
48213,Henderson,TX,1857,1.7,1.7
13175,Laurens,GA,708,1.7,0.0
48437,Swisher,TX,2288,1.7,1.7
31173,Thurston,NE,2947,1.7,1.7
29033,Carroll,MO,2426,1.7,1.7
27145,Stearns,MN,2294,1.7,1.7
46003,Aurora,SD,1664,1.7,1.7
29015,Benton,MO,2450,1.6,1.6
20103,Leavenworth,KS,2571,1.6,1.6
48267,Kimble,TX,793,1.6,0.0
48299,Llano,TX,590,1.6,0.0
20163,Rooks,KS,1830,1.6,1.6
38083,Sheridan,ND,1984,1.6,1.6
17125,Mason,IL,2404,1.6,1.6
31121,Merrick,NE,1921,1.6,1.6
19013,Black Hawk,IA,1978,1.6,1.6
48335,Mitchell,TX,2100,1.6,1.6
48241,Jasper,TX,362,1.6,0.0
48049,Brown,TX,2352,1.6,1.6
40151,Woods,OK,2553,1.6,1.6
25027,Worcester,MA,1130,1.6,0.7
54107,Wood,WV,351,1.6,0.0
20073,Greenwood,KS,1723,1.6,1.6
48069,Castro,TX,2053,1.6,1.6
48347,Nacogdoches,TX,1333,1.6,1.6
49027,Millard,UT,1102,1.6,1.6
46115,Spink,SD,1829,1.6,1.6
55065,Lafayette,WI,2670,1.6,1.6
22099,St. Martin,LA,629,1.5,0.0
05001,Arkansas,AR,1448,1.5,1.5
38077,Richland,ND,2099,1.5,1.5
38003,Barnes,ND,2443,1.5,1.5
55135,Waupaca,WI,1770,1.5,1.2
48071,Chambers,TX,1271,1.5,1.3
48003,Andrews,TX,1388,1.5,1.5
20089,Jewell,KS,2146,1.5,1.5
48493,Wilson,TX,911,1.5,0.0
46039,Deuel,SD,2645,1.5,1.5
27013,Blue Earth,MN,2308,1.5,1.5
21059,Daviess,KY,1801,1.5,1.5
42039,Crawford,PA,1861,1.5,1.3
48191,Hall,TX,874,1.5,0.0
48499,Wood,TX,1604,1.5,1.1
48173,Glasscock,TX,1904,1.5,1.5
21101,Henderson,KY,1448,1.5,1.5
38067,Pembina,ND,1929,1.5,1.5
31061,Franklin,NE,2616,1.5,1.5
30019,Daniels,MT,2091,1.5,1.0
26021,Berrien,MI,2511,1.5,1.5
48325,Medina,TX,566,1.5,0.0
30039,Granite,MT,636,1.5,0.0
20201,Washington,KS,2081,1.5,1.5
46097,Miner,SD,2176,1.4,1.4
19121,Madison,IA,2591,1.4,1.4
20139,Osage,KS,2498,1.4,1.4
17139,Moultrie,IL,2034,1.4,1.4
54069,Ohio,WV,1722,1.4,1.4
38099,Walsh,ND,3248,1.4,1.4
47095,Lake,TN,1807,1.4,1.4
23029,Washington,ME,1881,1.4,1.4
05081,Little River,AR,743,1.4,0.0
48145,Falls,TX,1690,1.4,1.4
06099,Stanislaus,CA,653,1.4,0.0
22039,Evangeline,LA,1060,1.4,1.4
55069,Lincoln,WI,1476,1.4,1.4
51029,Buckingham,VA,292,1.4,0.0
12063,Jackson,FL,122,1.4,0.0
18021,Clay,IN,1820,1.4,1.4
06023,Humboldt,CA,370,1.4,0.0
48107,Crosby,TX,1566,1.4,1.1
56031,Platte,WY,1873,1.4,1.4
27083,Lyon,MN,2163,1.4,1.4
51065,Fluvanna,VA,536,1.4,0.0
27105,Nobles,MN,2484,1.3,1.3
37155,Robeson,NC,1416,1.3,1.3
19155,Pottawattamie,IA,2530,1.3,1.3
48181,Grayson,TX,2849,1.3,1.3
46051,Grant,SD,1589,1.3,1.3
28159,Winston,MS,1046,1.3,1.2
48353,Nolan,TX,2246,1.3,1.3
21209,Scott,KY,2274,1.3,1.3
31041,Custer,NE,2474,1.3,1.3
18023,Clinton,IN,2291,1.3,1.3
27121,Pope,MN,2389,1.3,1.3
18133,Putnam,IN,2633,1.3,1.3
55057,Juneau,WI,1572,1.3,1.3
55109,St. Croix,WI,2257,1.3,1.3
05065,Izard,AR,940,1.3,0.5
13033,Burke,GA,624,1.3,0.0
22035,East Carroll,LA,1474,1.3,1.3
20001,Allen,KS,2438,1.3,1.3
22023,Cameron,LA,1332,1.3,0.4
38063,Nelson,ND,2682,1.3,1.3
26067,Ionia,MI,2377,1.3,1.3
55073,Marathon,WI,1722,1.3,0.9
31009,Blaine,NE,1812,1.3,1.3
29031,Cape Girardeau,MO,1767,1.2,1.2
17117,Macoupin,IL,1938,1.2,1.2
26005,Allegan,MI,2310,1.2,1.2
17001,Adams,IL,2226,1.2,1.2
48413,Schleicher,TX,2002,1.2,1.2
26107,Mecosta,MI,2322,1.2,1.2
38059,Morton,ND,2000,1.2,1.2
17195,Whiteside,IL,1777,1.2,1.2
38033,Golden Valley,ND,2443,1.2,1.2
48209,Hays,TX,2646,1.2,1.2
18159,Tipton,IN,2295,1.2,1.2
09015,Windham,CT,718,1.2,0.0
12027,DeSoto,FL,636,1.2,0.0
17045,Edgar,IL,2185,1.2,1.2
46045,Edmunds,SD,2465,1.2,1.2
18017,Cass,IN,2094,1.2,1.2
29043,Christian,MO,1744,1.2,1.2
16069,Nez Perce,ID,1033,1.2,1.2
39057,Greene,OH,1884,1.2,1.2
22123,West Carroll,LA,1350,1.2,1.2
21031,Butler,KY,1499,1.2,1.2
48377,Presidio,TX,433,1.2,0.0
16073,Owyhee,ID,565,1.2,0.0
31123,Morrill,NE,505,1.2,0.0
55039,Fond du Lac,WI,2722,1.1,1.1
19145,Page,IA,2778,1.1,1.1
47157,Shelby,TN,1977,1.1,1.1
05011,Bradley,AR,896,1.1,0.0
55017,Chippewa,WI,1801,1.1,1.1
48399,Runnels,TX,226,1.1,0.0
37163,Sampson,NC,1601,1.1,1.1
18153,Sullivan,IN,1932,1.1,1.1
48001,Anderson,TX,885,1.1,0.0
19159,Ringgold,IA,2221,1.1,1.1
12113,Santa Rosa,FL,897,1.1,0.0
40025,Cimarron,OK,1692,1.1,1.1
48305,Lynn,TX,2267,1.1,1.1
48309,McLennan,TX,1962,1.1,1.1
55083,Oconto,WI,1680,1.1,1.1
48445,Terry,TX,1595,1.1,1.1
26139,Ottawa,MI,2478,1.1,1.1
48417,Shackelford,TX,2245,1.1,1.1
39173,Wood,OH,1954,1.1,1.1
27117,Pipestone,MN,2586,1.1,1.1
48033,Borden,TX,1574,1.1,1.1
51159,Richmond,VA,903,1.1,0.0
45003,Aiken,SC,647,1.1,0.0
55121,Trempealeau,WI,1221,1.1,0.3
55029,Door,WI,3161,1.1,1.1
40103,Noble,OK,2599,1.1,1.1
38023,Divide,ND,1915,1.1,1.1
18059,Hancock,IN,1998,1.1,1.1
40003,Alfalfa,OK,1908,1.1,1.1
38013,Burke,ND,2064,1.1,1.1
30033,Garfield,MT,3085,1.1,1.1
31119,Madison,NE,2517,1.1,1.1
40141,Tillman,OK,1816,1.1,1.1
46101,Moody,SD,1727,1.1,1.1
40137,Stephens,OK,2254,1.1,1.1
21167,Mercer,KY,2153,1.1,1.1
55033,Dunn,WI,1717,1.1,0.7
47021,Cheatham,TN,1241,1.1,1.1
18029,Dearborn,IN,1358,1.0,1.0
51083,Halifax,VA,888,1.0,0.0
12103,Pinellas,FL,360,1.0,0.0
42129,Westmoreland,PA,2075,1.0,0.6
31065,Furnas,NE,1148,1.0,1.0
31079,Hall,NE,2407,1.0,1.0
35009,Curry,NM,2103,1.0,1.0
48497,Wise,TX,1922,1.0,1.0
17153,Pulaski,IL,1475,1.0,1.0
05147,Woodruff,AR,1698,1.0,1.0
55129,Washburn,WI,1430,1.0,0.7
19179,Wapello,IA,2289,1.0,1.0
49013,Duchesne,UT,324,1.0,0.0
21097,Harrison,KY,1992,1.0,1.0
38061,Mountrail,ND,1822,1.0,1.0
29163,Pike,MO,2145,1.0,1.0
39005,Ashland,OH,1585,1.0,1.0
48419,Shelby,TX,201,1.0,0.0
29081,Harrison,MO,2369,1.0,1.0
29221,Washington,MO,2093,1.0,1.0
55137,Waushara,WI,2078,1.0,1.0
27171,Wright,MN,2120,1.0,1.0
48219,Hockley,TX,2075,1.0,1.0
27149,Stevens,MN,2444,1.0,1.0
19151,Pocahontas,IA,2766,1.0,1.0
13043,Candler,GA,891,1.0,0.0
19071,Fremont,IA,1872,1.0,1.0
01085,Lowndes,AL,471,1.0,0.0
40073,Kingfisher,OK,2753,1.0,1.0
18087,LaGrange,IN,2129,1.0,1.0
48307,McCulloch,TX,2616,1.0,1.0
21047,Christian,KY,1370,1.0,1.0
41071,Yamhill,OR,631,1.0,0.0
01047,Dallas,AL,588,1.0,0.0
29139,Montgomery,MO,2306,1.0,1.0
48355,Nueces,TX,1946,1.0,1.0
30017,Custer,MT,1782,0.9,0.9
48221,Hood,TX,1875,0.9,0.9
13303,Washington,GA,174,0.9,0.0
19101,Jefferson,IA,2051,0.9,0.9
01111,Randolph,AL,354,0.9,0.0
26159,Van Buren,MI,2233,0.9,0.9
35035,Otero,NM,608,0.9,0.0
18171,Warren,IN,2487,0.9,0.9
01077,Lauderdale,AL,90,0.9,0.0
18169,Wabash,IN,2241,0.9,0.9
19083,Hardin,IA,2501,0.9,0.9
31135,Perkins,NE,2059,0.9,0.9
21093,Hardin,KY,1492,0.9,0.9
20093,Kearny,KS,1821,0.9,0.9
12087,Monroe,FL,1987,0.9,0.9
21233,Webster,KY,1346,0.9,0.9
19039,Clarke,IA,2339,0.9,0.9
27079,Le Sueur,MN,2466,0.9,0.9
46009,Bon Homme,SD,2405,0.9,0.9
18085,Kosciusko,IN,1909,0.9,0.9
18077,Jefferson,IN,1249,0.9,0.9
41025,Harney,OR,268,0.9,0.0
31105,Kimball,NE,2507,0.9,0.9
27173,Yellow Medicine,MN,2833,0.9,0.9
29113,Lincoln,MO,779,0.9,0.0
48085,Collin,TX,2220,0.9,0.9
19077,Guthrie,IA,2145,0.9,0.9
48253,Jones,TX,1583,0.9,0.9
40099,Murray,OK,1531,0.9,0.9
29211,Sullivan,MO,2589,0.9,0.9
32007,Elko,NV,1580,0.9,0.9
48231,Hunt,TX,3067,0.9,0.9
40041,Delaware,OK,4016,0.9,0.9
16027,Canyon,ID,1275,0.9,0.9
13285,Troup,GA,150,0.9,0.0
29183,St. Charles,MO,1496,0.9,0.1
22067,Morehouse,LA,1214,0.9,0.9
29109,Lawrence,MO,3473,0.9,0.9
18161,Union,IN,1913,0.9,0.9
48177,Gonzales,TX,838,0.9,0.0
29065,Dent,MO,2173,0.9,0.5
55035,Eau Claire,WI,1872,0.9,0.5
19109,Kossuth,IA,2220,0.8,0.8
18099,Marshall,IN,1974,0.8,0.8
48013,Atascosa,TX,1291,0.8,0.7
17203,Woodford,IL,2406,0.8,0.8
18103,Miami,IN,1773,0.8,0.8
29105,Laclede,MO,1921,0.8,0.8
42127,Wayne,PA,639,0.8,0.0
48375,Potter,TX,2986,0.8,0.8
27029,Clearwater,MN,2100,0.8,0.8
01017,Chambers,AL,564,0.8,0.0
46109,Roberts,SD,1751,0.8,0.8
06037,Los Angeles,CA,1815,0.8,0.7
37001,Alamance,NC,917,0.8,0.6
20183,Smith,KS,1858,0.8,0.8
47077,Henderson,TN,1001,0.8,0.8
48073,Cherokee,TX,527,0.8,0.0
48053,Burnet,TX,2867,0.8,0.8
48485,Wichita,TX,2550,0.8,0.8
21009,Barren,KY,1317,0.8,0.8
20017,Chase,KS,1901,0.8,0.8
28163,Yazoo,MS,733,0.8,0.0
17145,Perry,IL,1648,0.8,0.8
37007,Anson,NC,878,0.8,0.0
18061,Harrison,IN,1223,0.8,0.8
38035,Grand Forks,ND,2315,0.8,0.8
18109,Morgan,IN,1458,0.8,0.8
55009,Brown,WI,2632,0.8,0.8
28075,Lauderdale,MS,647,0.8,0.0
39025,Clermont,OH,1474,0.8,0.8
49049,Utah,UT,483,0.8,0.0
19019,Buchanan,IA,2002,0.8,0.8
16083,Twin Falls,ID,1391,0.8,0.8
55063,La Crosse,WI,1332,0.8,0.5
19099,Jasper,IA,2003,0.8,0.8
45049,Hampton,SC,739,0.8,0.0
27049,Goodhue,MN,2422,0.8,0.8
17171,Scott,IL,1693,0.8,0.8
16081,Teton,ID,664,0.8,0.0
01075,Lamar,AL,475,0.8,0.0
18179,Wells,IN,2348,0.8,0.8
48303,Lubbock,TX,1783,0.7,0.7
31113,Logan,NE,1835,0.7,0.7
55023,Crawford,WI,1852,0.7,0.7
45091,York,SC,484,0.7,0.0
19149,Plymouth,IA,2352,0.7,0.7
21045,Casey,KY,1409,0.7,0.7
55131,Washington,WI,2342,0.7,0.7
48029,Bexar,TX,572,0.7,0.1
28081,Lee,MS,667,0.7,0.0
55067,Langlade,WI,1697,0.7,0.7
31177,Washington,NE,2661,0.7,0.7
48019,Bandera,TX,715,0.7,0.0
22025,Catahoula,LA,826,0.7,0.0
17023,Clark,IL,1927,0.7,0.7
45025,Chesterfield,SC,1203,0.7,0.4
18119,Owen,IN,2043,0.7,0.7
08051,Gunnison,CO,1397,0.7,0.7
48137,Edwards,TX,2966,0.7,0.7
30001,Beaverhead,MT,3306,0.7,0.7
47099,Lawrence,TN,747,0.7,0.0
37181,Vance,NC,976,0.7,0.0
51193,Westmoreland,VA,1487,0.7,0.7
17011,Bureau,IL,1955,0.7,0.7
48443,Terrell,TX,936,0.7,0.0
55001,Adams,WI,1911,0.7,0.7
48017,Bailey,TX,2127,0.7,0.7
55107,Rusk,WI,1213,0.7,0.7
21079,Garrard,KY,910,0.7,0.0
34023,Middlesex,NJ,513,0.7,0.0
49001,Beaver,UT,1400,0.7,0.7
29155,Pemiscot,MO,1919,0.7,0.7
17071,Henderson,IL,1854,0.7,0.7
17035,Cumberland,IL,2119,0.7,0.7
46013,Brown,SD,2598,0.7,0.7
18045,Fountain,IN,1711,0.7,0.7
37053,Currituck,NC,3055,0.7,0.7
37127,Nash,NC,1023,0.7,0.7
39097,Madison,OH,1556,0.7,0.7
20195,Trego,KS,2303,0.7,0.7
20023,Cheyenne,KS,1523,0.7,0.7
04005,Coconino,AZ,1897,0.7,0.7
20171,Scott,KS,2133,0.7,0.7
29001,Adair,MO,2394,0.7,0.7
37059,Davie,NC,390,0.7,0.0
37097,Iredell,NC,243,0.7,0.0
27125,Red Lake,MN,2083,0.7,0.7
20059,Franklin,KS,1708,0.7,0.7
20045,Douglas,KS,3378,0.7,0.7
27127,Redwood,MN,2251,0.7,0.7
48275,Knox,TX,1807,0.7,0.7
51025,Brunswick,VA,781,0.6,0.0
36121,Wyoming,NY,709,0.6,0.0
48339,Montgomery,TX,105,0.6,0.0
26091,Lenawee,MI,2023,0.6,0.6
05025,Cleveland,AR,1463,0.6,0.6
55111,Sauk,WI,1679,0.6,0.6
12075,Levy,FL,913,0.6,0.0
13127,Glynn,GA,660,0.6,0.0
26099,Macomb,MI,1128,0.6,0.6
51037,Charlotte,VA,644,0.6,0.0
19115,Louisa,IA,1321,0.6,0.6
45033,Dillon,SC,1360,0.6,0.6
12121,Suwannee,FL,411,0.6,0.0
48223,Hopkins,TX,1931,0.6,0.6
42001,Adams,PA,33,0.6,0.0
48467,Van Zandt,TX,2032,0.6,0.6
21141,Logan,KY,1549,0.6,0.6
26111,Midland,MI,1391,0.6,0.6
01109,Pike,AL,355,0.6,0.0
26055,Grand Traverse,MI,2477,0.6,0.6
47047,Fayette,TN,1660,0.6,0.6
40049,Garvin,OK,1821,0.6,0.6
55127,Walworth,WI,2316,0.6,0.6
20069,Gray,KS,2129,0.6,0.6
26027,Cass,MI,1901,0.6,0.6
22101,St. Mary,LA,778,0.6,0.0
05013,Calhoun,AR,1078,0.6,0.4
30091,Sheridan,MT,807,0.6,0.0
08041,El Paso,CO,1412,0.6,0.2
20015,Butler,KS,2631,0.6,0.6
27091,Martin,MN,2507,0.6,0.6
55055,Jefferson,WI,2311,0.6,0.6
28141,Tishomingo,MS,698,0.6,0.0
31169,Thayer,NE,2334,0.6,0.6
48363,Palo Pinto,TX,1437,0.6,0.2
19035,Cherokee,IA,2243,0.6,0.6
48327,Menard,TX,3252,0.6,0.6
53077,Yakima,WA,1997,0.6,0.6
34019,Hunterdon,NJ,1603,0.6,0.6
51099,King George,VA,480,0.6,0.0
40055,Greer,OK,2320,0.6,0.6
29085,Hickory,MO,1369,0.6,0.6
48403,Sabine,TX,275,0.6,0.0
22097,St. Landry,LA,949,0.6,0.0
48131,Duval,TX,1642,0.5,0.5
27087,Mahnomen,MN,2284,0.5,0.5
39015,Brown,OH,1296,0.5,0.5
05127,Scott,AR,262,0.5,0.0
31095,Jefferson,NE,2381,0.5,0.5
30037,Golden Valley,MT,1567,0.5,0.5
31059,Fillmore,NE,2550,0.5,0.5
26045,Eaton,MI,2371,0.5,0.5
39011,Auglaize,OH,2279,0.5,0.5
31129,Nuckolls,NE,2467,0.5,0.5
27017,Carlton,MN,1868,0.5,0.5
01065,Hale,AL,625,0.5,0.0
48169,Garza,TX,2675,0.5,0.5
46033,Custer,SD,1048,0.5,0.5
05121,Randolph,AR,237,0.5,0.0
48367,Parker,TX,1883,0.5,0.5
51175,Southampton,VA,1307,0.5,0.5
36099,Seneca,NY,1020,0.5,0.5
39069,Henry,OH,1900,0.5,0.5
55141,Wood,WI,1599,0.5,0.5
01003,Baldwin,AL,297,0.5,0.0
18031,Decatur,IN,1831,0.5,0.5
13143,Haralson,GA,520,0.5,0.0
18149,Starke,IN,1917,0.5,0.5
01045,Dale,AL,235,0.5,0.0
28011,Bolivar,MS,1543,0.5,0.5
01119,Sumter,AL,130,0.5,0.0
39037,Darke,OH,2055,0.5,0.5
46073,Jerauld,SD,1748,0.5,0.5
29187,St. Francois,MO,2515,0.5,0.5
16049,Idaho,ID,616,0.5,0.0
06113,Yolo,CA,227,0.5,0.0
30077,Powell,MT,803,0.5,0.0
28137,Tate,MS,1206,0.5,0.5
05027,Columbia,AR,1067,0.5,0.5
45019,Charleston,SC,3180,0.5,0.5
28129,Smith,MS,598,0.5,0.0
35015,Eddy,NM,164,0.5,0.0
27009,Benton,MN,1848,0.5,0.5
05097,Montgomery,AR,220,0.5,0.0
01133,Winston,AL,487,0.5,0.0
28123,Scott,MS,996,0.5,0.5
56035,Sublette,WY,320,0.5,0.0
55059,Kenosha,WI,2548,0.5,0.5
48277,Lamar,TX,2316,0.5,0.5
05021,Clay,AR,2045,0.5,0.5
18079,Jennings,IN,774,0.5,0.0
55047,Green Lake,WI,1913,0.5,0.5
05007,Benton,AR,3395,0.5,0.5
51057,Essex,VA,1298,0.5,0.5
19137,Montgomery,IA,2241,0.5,0.5
19123,Mahaska,IA,1579,0.5,0.5
18001,Adams,IN,2045,0.5,0.5
19129,Mills,IA,1975,0.5,0.5
51043,Clarke,VA,201,0.5,0.0
40101,Muskogee,OK,1868,0.5,0.5
53047,Okanogan,WA,559,0.5,0.0
19009,Audubon,IA,2427,0.5,0.5
45069,Marlboro,SC,319,0.5,0.0
39051,Fulton,OH,2106,0.5,0.5
51143,Pittsylvania,VA,429,0.5,0.0
42029,Chester,PA,1646,0.5,0.5
53027,Grays Harbor,WA,1418,0.5,0.5
45087,Union,SC,48,0.5,0.0
40143,Tulsa,OK,1594,0.5,0.5
19139,Muscatine,IA,2018,0.5,0.5
08105,Rio Grande,CO,755,0.5,0.0
17137,Morgan,IL,2148,0.5,0.5
30009,Carbon,MT,1483,0.5,0.5
28147,Walthall,MS,523,0.5,0.0
29225,Webster,MO,3149,0.5,0.5
39165,Warren,OH,1295,0.5,0.5
19111,Lee,IA,2016,0.5,0.5
28145,Union,MS,635,0.5,0.0
26105,Mason,MI,1966,0.5,0.5
29223,Wayne,MO,1305,0.5,0.5
26119,Montmorency,MI,3333,0.5,0.5
47181,Wayne,TN,1379,0.5,0.5
04013,Maricopa,AZ,794,0.5,0.0
26057,Gratiot,MI,2426,0.5,0.5
30079,Prairie,MT,1270,0.5,0.5
36083,Rensselaer,NY,304,0.5,0.0
40021,Cherokee,OK,2900,0.5,0.5
19143,Osceola,IA,2675,0.5,0.5
19073,Greene,IA,1988,0.5,0.5
19105,Jones,IA,1956,0.5,0.5
39023,Clark,OH,1821,0.5,0.5
21135,Lewis,KY,1608,0.5,0.5
19075,Grundy,IA,2032,0.5,0.5
19031,Cedar,IA,1786,0.5,0.5
19171,Tama,IA,1815,0.5,0.5
18097,Marion,IN,1865,0.5,0.5
26157,Tuscola,MI,2026,0.5,0.5
31029,Chase,NE,1771,0.5,0.5
28149,Warren,MS,1027,0.5,0.5
51135,Nottoway,VA,1258,0.5,0.5
35029,Luna,NM,1468,0.4,0.4
01071,Jackson,AL,1057,0.4,0.4
46031,Corson,SD,3246,0.4,0.4
34011,Cumberland,NJ,1319,0.4,0.4
08087,Morgan,CO,538,0.4,0.0
19059,Dickinson,IA,2495,0.4,0.4
47059,Greene,TN,636,0.4,0.0
48481,Wharton,TX,1158,0.4,0.4
17077,Jackson,IL,1277,0.4,0.4
08067,La Plata,CO,659,0.4,0.0
17157,Randolph,IL,1690,0.4,0.4
53057,Skagit,WA,307,0.4,0.0
16001,Ada,ID,1067,0.4,0.1
40019,Carter,OK,2073,0.4,0.4
55031,Douglas,WI,1111,0.4,0.1
37151,Randolph,NC,891,0.4,0.0
06097,Sonoma,CA,277,0.4,0.0
28085,Lincoln,MS,613,0.4,0.0
37195,Wilson,NC,1179,0.4,0.4
17119,Madison,IL,1533,0.4,0.4
29061,Daviess,MO,2545,0.4,0.4
40113,Osage,OK,2201,0.4,0.4
48009,Archer,TX,2444,0.4,0.4
17019,Champaign,IL,2015,0.4,0.4
05047,Franklin,AR,21,0.4,0.0
31109,Lancaster,NE,3112,0.4,0.4
18145,Shelby,IN,1671,0.4,0.4
51067,Franklin,VA,283,0.4,0.0
04027,Yuma,AZ,101,0.4,0.0
17129,Menard,IL,2161,0.4,0.4
37185,Warren,NC,1285,0.4,0.4
42043,Dauphin,PA,294,0.4,0.0
39099,Mahoning,OH,1594,0.4,0.4
46081,Lawrence,SD,2556,0.4,0.4
17141,Ogle,IL,2280,0.4,0.4
51117,Mecklenburg,VA,810,0.4,0.0
55093,Pierce,WI,1772,0.4,0.4
55095,Polk,WI,1895,0.4,0.4
13079,Crawford,GA,594,0.4,0.0
31043,Dakota,NE,3434,0.4,0.4
55139,Winnebago,WI,2423,0.4,0.4
48495,Winkler,TX,571,0.4,0.0
21083,Graves,KY,1835,0.4,0.4
27141,Sherburne,MN,1642,0.4,0.4
30083,Richland,MT,447,0.4,0.0
30069,Petroleum,MT,1979,0.4,0.4
55119,Taylor,WI,1932,0.4,0.4
18003,Allen,IN,1827,0.4,0.4
01099,Monroe,AL,876,0.4,0.0
30013,Cascade,MT,2323,0.4,0.4
48205,Hartley,TX,1609,0.4,0.4
27031,Cook,MN,3811,0.4,0.4
42133,York,PA,451,0.4,0.0
56029,Park,WY,847,0.4,0.0
42097,Northumberland,PA,458,0.4,0.0
20113,McPherson,KS,3387,0.4,0.4
55123,Vernon,WI,1553,0.4,0.4
20149,Pottawatomie,KS,2053,0.4,0.4
17199,Williamson,IL,1539,0.4,0.4
17041,Douglas,IL,2222,0.4,0.4
37103,Jones,NC,1551,0.4,0.4
51095,James City,VA,1175,0.4,0.4
51036,Charles City,VA,922,0.4,0.0
39073,Hocking,OH,1559,0.4,0.4
20133,Neosho,KS,2394,0.4,0.4
04025,Yavapai,AZ,1115,0.4,0.1
30031,Gallatin,MT,1395,0.4,0.2
21143,Lyon,KY,1170,0.4,0.4
17057,Fulton,IL,2186,0.3,0.3
20051,Ellis,KS,2186,0.3,0.3
17015,Carroll,IL,2116,0.3,0.3
34015,Gloucester,NJ,1176,0.3,0.3
55053,Jackson,WI,1775,0.3,0.3
21207,Russell,KY,1150,0.3,0.1
28009,Benton,MS,481,0.3,0.0
48139,Ellis,TX,2436,0.3,0.3
29135,Moniteau,MO,2257,0.3,0.3
55105,Rock,WI,2077,0.3,0.3
39149,Shelby,OH,2078,0.3,0.3
37067,Forsyth,NC,340,0.3,0.0
29153,Ozark,MO,870,0.3,0.0
01067,Henry,AL,691,0.3,0.0
22119,Webster,LA,441,0.3,0.0
55049,Iowa,WI,2179,0.3,0.3
12005,Bay,FL,1246,0.3,0.3
05143,Washington,AR,1626,0.3,0.3
28161,Yalobusha,MS,1492,0.3,0.3
55051,Iron,WI,1896,0.3,0.3
48057,Calhoun,TX,996,0.3,0.3
55003,Ashland,WI,3052,0.3,0.3
36123,Yates,NY,1088,0.3,0.3
22041,Franklin,LA,1179,0.3,0.3
08043,Fremont,CO,639,0.3,0.0
16003,Adams,ID,654,0.3,0.0
21157,Marshall,KY,1932,0.3,0.3
31075,Grant,NE,2630,0.3,0.3
26073,Isabella,MI,2089,0.3,0.3
29023,Butler,MO,1596,0.3,0.3
12119,Sumter,FL,447,0.3,0.0
26093,Livingston,MI,2479,0.3,0.3
26071,Iron,MI,1585,0.3,0.3
29037,Cass,MO,2509,0.3,0.3
36055,Monroe,NY,1095,0.3,0.3
21227,Warren,KY,706,0.3,0.0
37041,Chowan,NC,2551,0.3,0.3
39113,Montgomery,OH,1456,0.3,0.3
29073,Gasconade,MO,2028,0.3,0.3
22057,Lafourche,LA,416,0.3,0.0
26033,Chippewa,MI,1453,0.3,0.3
29053,Cooper,MO,2496,0.3,0.3
21183,Ohio,KY,1057,0.3,0.3
48151,Fisher,TX,989,0.3,0.0
47033,Crockett,TN,1794,0.3,0.3
17061,Greene,IL,1487,0.3,0.3
39017,Butler,OH,1123,0.3,0.3
12105,Polk,FL,700,0.3,0.0
06079,San Luis Obispo,CA,1074,0.3,0.3
26025,Calhoun,MI,2237,0.3,0.3
55103,Richland,WI,2396,0.3,0.3
48091,Comal,TX,1733,0.3,0.3
29157,Perry,MO,2110,0.3,0.3
39127,Perry,OH,1156,0.3,0.3
29165,Platte,MO,1741,0.3,0.3
39123,Ottawa,OH,2307,0.3,0.3
51800,Suffolk,VA,1218,0.3,0.3
48021,Bastrop,TX,755,0.3,0.0
37017,Bladen,NC,1231,0.3,0.3
26109,Menominee,MI,2480,0.3,0.3
40001,Adair,OK,2960,0.3,0.3
39059,Guernsey,OH,1029,0.3,0.3
17155,Putnam,IL,1979,0.3,0.3
38079,Rolette,ND,1702,0.3,0.3
37071,Gaston,NC,819,0.3,0.0
45035,Dorchester,SC,1131,0.3,0.3
40107,Okfuskee,OK,2526,0.3,0.3
48121,Denton,TX,1884,0.3,0.3
39107,Mercer,OH,2206,0.3,0.3
26041,Delta,MI,1363,0.3,0.3
29197,Schuyler,MO,2251,0.3,0.3
39117,Morrow,OH,1532,0.3,0.3
48477,Washington,TX,1575,0.3,0.3
40035,Craig,OK,2517,0.3,0.3
48189,Hale,TX,2117,0.3,0.3
39083,Knox,OH,1309,0.3,0.3
40095,Marshall,OK,1949,0.3,0.3
48179,Gray,TX,2964,0.3,0.3
19189,Winnebago,IA,2627,0.3,0.3
29089,Howard,MO,2646,0.3,0.3
27045,Fillmore,MN,2252,0.3,0.3
56045,Weston,WY,1374,0.3,0.3
27041,Douglas,MN,2332,0.3,0.3
29025,Caldwell,MO,2441,0.3,0.3
39153,Summit,OH,1443,0.3,0.3
40089,McCurtain,OK,504,0.3,0.0
40005,Atoka,OK,1641,0.3,0.3
40063,Hughes,OK,1857,0.3,0.3
48201,Harris,TX,341,0.3,0.0
40065,Jackson,OK,1876,0.3,0.3
27001,Aitkin,MN,1538,0.3,0.3
45055,Kershaw,SC,405,0.3,0.0
27109,Olmsted,MN,2291,0.3,0.3
48059,Callahan,TX,2192,0.3,0.3
40109,Oklahoma,OK,2444,0.3,0.3
42053,Forest,PA,1114,0.3,0.3
39003,Allen,OH,2772,0.3,0.3
48433,Stonewall,TX,1126,0.3,0.3
55071,Manitowoc,WI,2649,0.3,0.3
29186,Ste. Genevieve,MO,1174,0.3,0.3
19027,Carroll,IA,2308,0.3,0.3
47183,Weakley,TN,1593,0.3,0.3
39109,Miami,OH,1882,0.3,0.3
17127,Massac,IL,1034,0.3,0.3
29177,Ray,MO,1766,0.3,0.3
37101,Johnston,NC,1576,0.3,0.3
28013,Calhoun,MS,129,0.3,0.0
46057,Hamlin,SD,2173,0.3,0.3
48175,Goliad,TX,1043,0.2,0.2
48271,Kinney,TX,783,0.2,0.0
55021,Columbia,WI,2206,0.2,0.2
37037,Chatham,NC,957,0.2,0.0
48163,Frio,TX,1220,0.2,0.1
19057,Des Moines,IA,1661,0.2,0.2
16071,Oneida,ID,90,0.2,0.0
26147,St. Clair,MI,1976,0.2,0.2
27065,Kanabec,MN,1719,0.2,0.2
47189,Wilson,TN,631,0.2,0.0
35047,San Miguel,NM,2146,0.2,0.2
37035,Catawba,NC,225,0.2,0.0
48365,Panola,TX,850,0.2,0.0
19049,Dallas,IA,1986,0.2,0.2
48405,San Augustine,TX,1194,0.2,0.2
37157,Rockingham,NC,925,0.2,0.0
48113,Dallas,TX,1071,0.2,0.2
28139,Tippah,MS,1265,0.2,0.2
28155,Webster,MS,730,0.2,0.0
53067,Thurston,WA,717,0.2,0.0
48395,Robertson,TX,1136,0.2,0.2
20205,Wilson,KS,2247,0.2,0.2
28107,Panola,MS,843,0.2,0.0
48065,Carson,TX,2787,0.2,0.2
21225,Union,KY,1845,0.2,0.2
20191,Sumner,KS,2114,0.2,0.2
55117,Sheboygan,WI,2800,0.2,0.2
48129,Donley,TX,1698,0.2,0.2
47003,Bedford,TN,424,0.2,0.0
51069,Frederick,VA,404,0.2,0.0
51103,Lancaster,VA,1142,0.2,0.2
04003,Cochise,AZ,461,0.2,0.0
51197,Wythe,VA,1086,0.2,0.2
39101,Marion,OH,1764,0.2,0.2
31053,Dodge,NE,2695,0.2,0.2
48349,Navarro,TX,2106,0.2,0.2
19001,Adair,IA,2817,0.2,0.2
26081,Kent,MI,1982,0.2,0.2
51127,New Kent,VA,1246,0.2,0.2
48453,Travis,TX,1402,0.2,0.2
51007,Amelia,VA,1154,0.2,0.2
39167,Washington,OH,263,0.2,0.0
51181,Surry,VA,1189,0.2,0.2
26137,Otsego,MI,2365,0.2,0.2
01089,Madison,AL,238,0.2,0.0
51031,Campbell,VA,451,0.2,0.0
01011,Bullock,AL,117,0.2,0.0
37085,Harnett,NC,825,0.2,0.0
51009,Amherst,VA,314,0.2,0.0
18143,Scott,IN,920,0.2,0.0
48187,Guadalupe,TX,812,0.2,0.0
51153,Prince William,VA,545,0.2,0.0
48473,Waller,TX,1072,0.2,0.2
48227,Howard,TX,751,0.2,0.0
47079,Henry,TN,1951,0.2,0.2
45031,Darlington,SC,922,0.2,0.0
17097,Lake,IL,1591,0.2,0.2
48455,Trinity,TX,493,0.2,0.0
48343,Morris,TX,1007,0.2,0.2
49053,Washington,UT,1519,0.2,0.2
29071,Franklin,MO,1850,0.2,0.2
30081,Ravalli,MT,1303,0.2,0.1
45029,Colleton,SC,517,0.2,0.0
51187,Warren,VA,1616,0.2,0.2
51167,Russell,VA,2271,0.2,0.2
37191,Wayne,NC,1800,0.2,0.2
48297,Live Oak,TX,836,0.2,0.0
20037,Crawford,KS,2944,0.2,0.2
21029,Bullitt,KY,1589,0.2,0.2
18093,Lawrence,IN,1896,0.2,0.2
10005,Sussex,DE,1363,0.2,0.2
26115,Monroe,MI,1586,0.2,0.2
18037,Dubois,IN,1193,0.2,0.2
29185,St. Clair,MO,2319,0.2,0.2
37065,Edgecombe,NC,1391,0.2,0.2
39061,Hamilton,OH,145,0.2,0.0
53073,Whatcom,WA,1172,0.2,0.2
18047,Franklin,IN,1360,0.2,0.2
29051,Cole,MO,2263,0.2,0.2
51011,Appomattox,VA,1084,0.2,0.2
20077,Harper,KS,2111,0.2,0.2
28019,Choctaw,MS,948,0.2,0.0
05093,Mississippi,AR,2447,0.2,0.2
29095,Jackson,MO,3023,0.2,0.2
31055,Douglas,NE,1628,0.2,0.2
37125,Moore,NC,631,0.2,0.0
20055,Finney,KS,1894,0.2,0.2
05075,Lawrence,AR,1634,0.2,0.2
39063,Hancock,OH,2321,0.2,0.2
39139,Richland,OH,1647,0.2,0.2
27093,Meeker,MN,2931,0.2,0.2
48239,Jackson,TX,963,0.2,0.0
42021,Cambria,PA,3301,0.2,0.2
21171,Monroe,KY,710,0.2,0.0
45067,Marion,SC,966,0.2,0.0
28079,Leake,MS,766,0.2,0.0
48067,Cass,TX,501,0.2,0.0
51059,Fairfax,VA,938,0.2,0.0
48439,Tarrant,TX,1852,0.2,0.1
08013,Boulder,CO,56,0.2,0.0
17007,Boone,IL,2300,0.1,0.1
29083,Henry,MO,2195,0.1,0.1
21145,McCracken,KY,1187,0.1,0.1
31163,Sherman,NE,1625,0.1,0.1
05003,Ashley,AR,1035,0.1,0.1
31185,York,NE,2327,0.1,0.1
16063,Lincoln,ID,2018,0.1,0.1
48249,Jim Wells,TX,1413,0.1,0.1
31071,Garfield,NE,2366,0.1,0.1
42087,Mifflin,PA,57,0.1,0.0
24033,Prince George's,MD,1137,0.1,0.1
39133,Portage,OH,1640,0.1,0.1
31023,Butler,NE,2375,0.1,0.1
22077,Pointe Coupee,LA,492,0.1,0.0
06019,Fresno,CA,1800,0.1,0.1
31067,Gage,NE,2432,0.1,0.1
39027,Clinton,OH,1704,0.1,0.1
37197,Yadkin,NC,166,0.1,0.0
31097,Johnson,NE,2037,0.1,0.1
19025,Calhoun,IA,2759,0.1,0.1
49007,Carbon,UT,1331,0.1,0.1
28015,Carroll,MS,1163,0.1,0.1
31159,Seward,NE,2245,0.1,0.1
47177,Warren,TN,938,0.1,0.0
29009,Barry,MO,2780,0.1,0.1
26121,Muskegon,MI,1838,0.1,0.1
31007,Banner,NE,1787,0.1,0.1
36009,Cattaraugus,NY,1668,0.1,0.1
29213,Taney,MO,18,0.1,0.0
48197,Hardeman,TX,1556,0.1,0.1
29189,St. Louis,MO,1662,0.1,0.1
22079,Rapides,LA,691,0.1,0.0
29039,Cedar,MO,2974,0.1,0.1
05133,Sevier,AR,584,0.1,0.0
39033,Crawford,OH,2148,0.1,0.1
42123,Warren,PA,1756,0.1,0.1
17123,Marshall,IL,2816,0.1,0.1
50025,Windham,VT,191,0.1,0.0
22033,East Baton Rouge,LA,242,0.1,0.0
48157,Fort Bend,TX,320,0.1,0.0
08071,Las Animas,CO,3910,0.1,0.1
18073,Jasper,IN,1953,0.1,0.1
53007,Chelan,WA,1050,0.1,0.1
16077,Power,ID,1868,0.1,0.1
42115,Susquehanna,PA,1601,0.1,0.1
39155,Trumbull,OH,822,0.1,0.0
40057,Harmon,OK,1454,0.1,0.1
40059,Harper,OK,2182,0.1,0.1
19167,Sioux,IA,2687,0.1,0.1
48507,Zavala,TX,991,0.1,0.0
20011,Bourbon,KS,2115,0.1,0.1
39009,Athens,OH,796,0.1,0.0
30047,Lake,MT,32,0.1,0.0
55061,Kewaunee,WI,3037,0.1,0.1
40111,Okmulgee,OK,2707,0.1,0.1
51049,Cumberland,VA,207,0.1,0.0
27047,Freeborn,MN,2386,0.1,0.1
24027,Howard,MD,1305,0.1,0.1
19081,Hancock,IA,2075,0.1,0.1
28025,Clay,MS,295,0.1,0.0
21197,Powell,KY,281,0.1,0.0
49005,Cache,UT,626,0.1,0.0
09011,New London,CT,432,0.1,0.0
17043,DuPage,IL,1995,0.1,0.1
13059,Clarke,GA,256,0.1,0.0
40115,Ottawa,OK,3018,0.1,0.1
37119,Mecklenburg,NC,402,0.1,0.0
40013,Bryan,OK,2304,0.1,0.1
49031,Piute,UT,2090,0.1,0.1
10001,Kent,DE,1590,0.1,0.1
48369,Parmer,TX,1814,0.1,0.1
48061,Cameron,TX,2134,0.1,0.1
38071,Ramsey,ND,2978,0.1,0.1
18007,Benton,IN,3017,0.1,0.1
05119,Pulaski,AR,729,0.1,0.0
16075,Payette,ID,609,0.1,0.0
48391,Refugio,TX,1060,0.1,0.1
12095,Orange,FL,381,0.0,0.0
19153,Polk,IA,2319,0.0,0.0
30063,Missoula,MT,486,0.0,0.0
20057,Ford,KS,2146,0.0,0.0
06089,Shasta,CA,486,0.0,0.0
46085,Lyman,SD,2102,0.0,0.0
30067,Park,MT,3133,0.0,0.0
